{
    "profile": "tabular-data-package",
    "resources": [
        {
            "path": "data\\house_sample.csv",
            "profile": "tabular-data-resource",
            "name": "house_sample",
            "format": "csv",
            "mediatype": "text/csv",
            "encoding": "utf-8",
            "schema": {
                "fields": [
                    {
                        "name": "qualified name",
                        "type": "string",
                        "format": "default",
                        "description": "Qualified name for the usage. Use this is a key for the table."
                    },
                    {
                        "name": "usage",
                        "type": "string",
                        "format": "default",
                        "description": "Name for the usage."
                    },
                    {
                        "name": "owning definition",
                        "type": "string",
                        "format": "default",
                        "description": "The name of the definition that owns this usage."
                    },
                    {
                        "name": "usage type (definition)",
                        "type": "string",
                        "format": "default",
                        "description": "The definition that provies the type for this usage."
                    }
                ],
                "missingValues": [
                    ""
                ]
            }
        }
    ]
}