qualified name,usage,owning definition,usage type (definition)
House Frame::Floor Frame,Floor Frame,House Frame,Floor Frame
Floor Frame::Sill Plate,Sill Plate,Floor Frame,Sill Plate
Floor Frame::Joist,Joist,Floor Frame,Joist
Floor Frame::Girder,Girder,Floor Frame,Girder
Floor Frame::Floor Panel,Floor Panel,Floor Frame,Floor Panel
House Frame::Wall Frame,Wall Frame,House Frame,Wall Frame
Wall Frame::Top Plate,Top Plate,Wall Frame,Top Plate
Wall Frame::Bottom Plate,Bottom Plate,Wall Frame,Bottom Plate
Wall Frame::Stud,Stud,Wall Frame,Dimensional Lumber
Wall Frame::Header,Header,Wall Frame,Header
Wall Frame::Cripple Stud,Cripple Stud,Wall Frame,Dimensional Lumber
Wall Frame::Sill,Sill,Wall Frame,Sill
